admin_name,admin_email,admin_phone,name_service_contact,email_service_contact,phone_service_contact,address_id,customer_id,battery_id
Clem Crass,vmillam0@alibaba.com,998-914-5541,Viviana Millam,vmillam0@seattletimes.com,386-803-0448,1,1,1
Mignonne Falla,fceci1@eepurl.com,815-150-4615,Frederik Ceci,fceci1@technorati.com,988-463-5381,2,2,2
Kelby Caine,wcomberbeach2@chicagotribune.com,462-532-4580,Willamina Comberbeach,wcomberbeach2@php.net,462-263-2269,3,3,3
Andriette Risbridger,epreto3@engadget.com,464-517-7156,Ermengarde Preto,epreto3@indiegogo.com,992-640-0900,4,4,4
Torie Broader,vbernardotte4@yale.edu,252-378-0347,Vidovic Bernardotte,vbernardotte4@spotify.com,668-952-6570,5,5,5
Pippy Fishbourne,lcoppen5@yale.edu,477-627-5861,Livvyy Coppen,lcoppen5@boston.com,730-792-4760,6,6,6
Doretta Reveland,pdonaghie6@mediafire.com,924-616-1346,Patrizius Donaghie,pdonaghie6@hud.gov,334-506-6003,7,7,7
Lanita Punter,cgateshill7@indiatimes.com,561-748-7980,Claire Gateshill,cgateshill7@gizmodo.com,187-354-8930,8,8,8
Nicoli Pietrzyk,dmarval8@skyrock.com,877-903-9042,Donella Marval,dmarval8@census.gov,457-651-7510,9,9,9
Arielle Fasham,hcallaby9@discovery.com,809-474-6132,Hercules Callaby,hcallaby9@loc.gov,116-616-6723,10,10,10
Emyle Bullier,apeakea@geocities.jp,290-505-8752,Alyssa Peake,apeakea@irs.gov,311-974-2963,11,11,11
Holly Trim,mwoodesb@opera.com,339-810-2980,Maris Woodes,mwoodesb@sakura.ne.jp,570-659-2289,12,12,12
Ade Muat,fkulisc@weather.com,913-977-3535,Farica Kulis,fkulisc@fc2.com,368-139-5853,13,13,13
Myca Physic,kfranzeld@blogs.com,889-247-4582,Karalee Franzel,kfranzeld@wikimedia.org,939-347-2450,14,14,14
Lois Hernik,ghugette@ezinearticles.com,512-170-9262,Gradey Hugett,ghugette@webnode.com,968-678-2002,15,15,15
Stephanus Downse,zmcgilmartinf@nsw.gov.au,826-852-5608,Zitella McGilmartin,zmcgilmartinf@blinklist.com,780-734-8217,16,16,16
Wallis Rate,rbaudinsg@taobao.com,900-833-8900,Randie Baudins,rbaudinsg@alexa.com,348-976-2450,17,17,17
Marna Kinavan,jblockeyh@moonfruit.com,179-879-2573,Jemima Blockey,jblockeyh@mysql.com,788-316-7633,18,18,18
Rory Benoix,ltithecotei@paginegialle.it,896-777-3693,Lark Tithecote,ltithecotei@nasa.gov,351-562-6861,19,19,19
Rebekah Gosneye,gdumphriesj@fc2.com,893-255-9313,Gleda Dumphries,gdumphriesj@issuu.com,578-413-0686,20,20,20
Jock Arkwright,cberreyk@liveinternet.ru,846-219-6637,Clevey Berrey,cberreyk@princeton.edu,272-808-5017,21,21,21
Cecilio Callway,schippingl@chronoengine.com,146-601-8438,Shelly Chipping,schippingl@taobao.com,861-368-0469,22,22,22
Robinette Brandham,slubertim@vk.com,171-545-6030,Shadow Luberti,slubertim@unesco.org,336-588-1542,23,23,23
Osbert Christophle,tgianiellon@google.it,631-939-0876,Tremayne Gianiello,tgianiellon@time.com,322-675-2204,24,24,24
Sidney Goodisson,tchatto@ucsd.edu,751-274-2848,Tawnya Chatt,tchatto@ebay.co.uk,994-743-9378,25,25,25
Artur Bayford,gobeep@bluehost.com,568-979-8437,Gradey Obee,gobeep@walmart.com,869-127-6871,26,26,26
Cyrille Leighton,acrudenq@chron.com,983-652-4258,Andria Cruden,acrudenq@un.org,122-694-5555,27,27,27
Allina Coalburn,msamsinr@adobe.com,118-868-4300,Maddalena Samsin,msamsinr@hhs.gov,693-404-8863,28,28,28
Pierette Salman,gslators@cpanel.net,896-473-7206,Gunter Slator,gslators@weebly.com,212-578-3002,29,29,29
Cori Moatt,mmorcombet@merriam-webster.com,755-683-6009,Mateo Morcombe,mmorcombet@shutterfly.com,722-395-4361,30,30,30
Rhys Westhead,hwreffordu@imdb.com,831-533-0961,Horacio Wrefford,hwreffordu@tiny.cc,644-404-3371,31,31,31
Katharina Morrott,zsignv@csmonitor.com,107-106-1754,Zaria Sign,zsignv@nba.com,946-832-0518,32,32,32
Drona Ragg,zwindsorw@thetimes.co.uk,970-568-2021,Zola Windsor,zwindsorw@wired.com,205-419-9545,33,33,33
Cordelie Scolland,cnickersonx@dmoz.org,370-706-5888,Cristy Nickerson,cnickersonx@sun.com,594-999-3890,34,34,34
Bradly Rouby,jgiorgioniy@ibm.com,376-672-3005,Jonas Giorgioni,jgiorgioniy@who.int,255-849-7264,35,35,35
Claudine Davidavidovics,twoolenz@hubpages.com,189-613-4295,Tera Woolen,twoolenz@drupal.org,558-915-7917,36,36,36
Rex Casin,nsandcraft10@buzzfeed.com,664-183-6350,Nevil Sandcraft,nsandcraft10@archive.org,552-878-9605,37,37,37
Rudolfo Brownsall,aovenell11@twitpic.com,478-291-9545,Ade Ovenell,aovenell11@blogger.com,514-360-4143,38,38,38
Clyde Conrart,arainon12@bluehost.com,856-959-1303,Arnaldo Rainon,arainon12@hhs.gov,194-417-4036,39,39,39
Dalt Hempel,adella13@nymag.com,942-857-6474,Ariadne Della,adella13@dagondesign.com,626-625-4468,40,40,40
Fabe Gaffney,bhick14@themeforest.net,930-354-0114,Brad Hick,bhick14@ycombinator.com,736-717-6299,41,41,41
Cristine Beane,wmosby15@amazon.co.jp,503-637-7408,Winifred Mosby,wmosby15@icio.us,611-711-0831,42,42,42
Margalit Hessay,rkesley16@senate.gov,905-608-0256,Riordan Kesley,rkesley16@unicef.org,984-458-1626,43,43,43
Tom Vasilevich,proman17@mediafire.com,449-839-9950,Philippe Roman,proman17@hibu.com,827-802-1763,44,44,44
Tara Giraudot,kcastellet18@google.com,718-969-8508,Kienan Castellet,kcastellet18@toplist.cz,619-116-0157,45,45,45
Silvain Aucock,fruzicka19@purevolume.com,482-814-2299,Francklyn Ruzicka,fruzicka19@japanpost.jp,760-871-7048,46,46,46
Moise Stanlock,sbaldam1a@github.io,729-410-5480,Salvador Baldam,sbaldam1a@ft.com,254-183-4695,47,47,47
Berne Wybron,cmellor1b@e-recht24.de,931-154-0878,Cassondra Mellor,cmellor1b@cafepress.com,750-207-9426,48,48,48
Johna Cleave,rvedeniktov1c@hatena.ne.jp,775-940-5781,Ronnica Vedeniktov,rvedeniktov1c@craigslist.org,279-974-8163,49,49,49
Harri Rassmann,gdobrowlski1d@businesswire.com,844-233-9588,Gerianne Dobrowlski,gdobrowlski1d@narod.ru,217-464-7492,50,50,50
Thaxter Moorcroft,fgooddy1e@dyndns.org,721-465-6952,Foss Gooddy,fgooddy1e@multiply.com,711-108-8206,51,51,51
Rafaelia Fancourt,dbrandle1f@ucsd.edu,213-663-9122,Davidde Brandle,dbrandle1f@nps.gov,729-808-2969,52,52,52
Hobard Reedie,valgie1g@nbcnews.com,824-581-5804,Verine Algie,valgie1g@spotify.com,402-685-9512,53,53,53
Leighton Roma,dvaskov1h@va.gov,235-282-2661,De Vaskov,dvaskov1h@toplist.cz,674-980-5138,54,54,54
Cloris Antliff,dsysland1i@blogspot.com,861-817-8482,Daryl Sysland,dsysland1i@narod.ru,406-327-5702,55,55,55
Vi Rackstraw,tconelly1j@pcworld.com,457-305-9665,Tades Conelly,tconelly1j@accuweather.com,830-960-0937,56,56,56
Conway Offin,cnavaro1k@cisco.com,731-768-1560,Crissie Navaro,cnavaro1k@livejournal.com,323-575-2018,57,57,57
Hiram Raymont,jcrees1l@scientificamerican.com,645-846-3000,Janel Crees,jcrees1l@e-recht24.de,857-992-7392,58,58,58
Cirillo Dunbavin,cwhorf1m@constantcontact.com,939-122-8398,Collette Whorf,cwhorf1m@amazon.de,728-574-7789,59,59,59
Tish Dudenie,gwethers1n@soup.io,324-896-0194,Garrick Wethers,gwethers1n@vk.com,640-180-8029,60,60,60
Tandy Climer,dfoad1o@usgs.gov,631-599-4411,Darla Foad,dfoad1o@list-manage.com,270-678-7468,61,61,61
Cassandra Vaskin,ldoyle1p@who.int,197-650-6038,Liza Doyle,ldoyle1p@imdb.com,521-713-2767,62,62,62
Estella Dreigher,wwyman1q@printfriendly.com,768-823-4859,Worth Wyman,wwyman1q@berkeley.edu,149-108-2841,63,63,63
West Pringle,vthynn1r@amazonaws.com,637-578-7842,Vernor Thynn,vthynn1r@pinterest.com,937-575-4884,64,64,64
Elena Lamke,mvernall1s@artisteer.com,246-714-5629,Maighdiln Vernall,mvernall1s@devhub.com,863-797-3290,65,65,65
Robina Morewood,bkubczak1t@newyorker.com,219-706-6451,Brnaba Kubczak,bkubczak1t@wix.com,842-948-6224,66,66,66
Laurel Petricek,yhawlgarth1u@springer.com,652-614-3865,Yvon Hawlgarth,yhawlgarth1u@house.gov,327-463-5449,67,67,67
Read Guare,eearwaker1v@wikia.com,714-645-1543,Eryn Earwaker,eearwaker1v@skyrock.com,585-630-5015,68,68,68
Myrle Simeone,gworlock1w@amazon.co.jp,814-335-2033,Gerhard Worlock,gworlock1w@g.co,459-834-4904,69,69,69
Hasty Bilson,cbrauner1x@alexa.com,578-715-8441,Corrinne Brauner,cbrauner1x@wix.com,721-260-5044,70,70,70
Rozalie Hupe,vbrunner1y@devhub.com,186-955-0469,Veronica Brunner,vbrunner1y@admin.ch,852-883-9671,71,71,71
Almeta Franzonello,ebraznell1z@cocolog-nifty.com,259-493-2717,Enrique Braznell,ebraznell1z@instagram.com,760-910-8489,72,72,72
Arron Trusslove,hcabane20@cnet.com,951-503-7888,Hunfredo Cabane,hcabane20@state.tx.us,930-572-3789,73,73,73
Byram Guite,amapples21@cyberchimps.com,653-313-0570,Antonetta Mapples,amapples21@weibo.com,261-627-3131,74,74,74
Hedda Volk,aahrens22@facebook.com,237-244-5825,Axel Ahrens,aahrens22@ucla.edu,440-696-2290,75,75,75
Joellen Stanistrete,zvignaux23@comcast.net,573-332-1576,Zerk Vignaux,zvignaux23@amazon.de,236-301-6449,76,76,76
Elyse Worthington,dgrayham24@oracle.com,359-162-5411,Dewey Grayham,dgrayham24@scribd.com,696-325-8014,77,77,77
Nickie Cancutt,abeaten25@webmd.com,327-460-6926,Alikee Beaten,abeaten25@163.com,223-800-2760,78,78,78
Worth Magee,sbeaten26@china.com.cn,737-872-3331,Sayre Beaten,sbeaten26@php.net,481-732-9071,79,79,79
Amii Demongeot,kcamerati27@kickstarter.com,902-597-5844,Kermit Camerati,kcamerati27@nature.com,158-666-7654,80,80,80
Way Piesing,wbutchers28@marketwatch.com,717-660-3361,Willy Butchers,wbutchers28@intel.com,894-636-9271,81,81,81
Diena McKenney,jmcdonand29@ucoz.com,298-953-6636,Julio McDonand,jmcdonand29@zdnet.com,113-620-6503,82,82,82
Erma Pennings,ithewless2a@reference.com,766-351-0640,Inglis Thewless,ithewless2a@google.pl,324-169-1957,83,83,83
George Clowser,wfuentez2b@google.com.au,558-795-2071,Waite Fuentez,wfuentez2b@4shared.com,713-497-7832,84,84,84
Gratia Semour,dtheunissen2c@forbes.com,544-368-6731,Demetrius Theunissen,dtheunissen2c@blinklist.com,618-348-8417,85,85,85
Consuela Keelan,ratty2d@clickbank.net,863-629-8002,Ramon Atty,ratty2d@cdc.gov,832-672-6348,86,86,86
Mortimer Fenne,loldcote2e@timesonline.co.uk,767-291-5455,Larissa Oldcote,loldcote2e@smh.com.au,835-338-8650,87,87,87
Salim Sommerlin,nlinebarger2f@cornell.edu,781-999-5101,Neill Linebarger,nlinebarger2f@hud.gov,373-304-2671,88,88,88
Vassily Leahair,aathow2g@europa.eu,174-137-8979,Adrien Athow,aathow2g@geocities.jp,782-162-6061,89,89,89
Christin Burnhams,kcausier2h@fda.gov,983-858-0849,Karlotte Causier,kcausier2h@weebly.com,939-247-1733,90,90,90
Barn Merring,mmohammed2i@bandcamp.com,888-665-7874,Meridel Mohammed,mmohammed2i@studiopress.com,354-322-2255,91,91,91
Michaeline Dugald,rmckee2j@bandcamp.com,592-581-9515,Randi McKee,rmckee2j@reuters.com,213-438-1181,92,92,92
Maje Hurl,crohan2k@trellian.com,215-983-1965,Con Rohan,crohan2k@etsy.com,963-250-9766,93,93,93
Gianina Tunnicliff,dderbyshire2l@bloomberg.com,175-417-1613,Davon Derbyshire,dderbyshire2l@ifeng.com,194-217-4227,94,94,94
Wilhelmine Challener,evasilik2m@opera.com,430-979-1347,Evelin Vasilik,evasilik2m@quantcast.com,668-491-6992,95,95,95
Janella Syddon,wvittery2n@timesonline.co.uk,658-328-9619,Wendell Vittery,wvittery2n@ft.com,967-452-2263,96,96,96
Antonia Ivankov,kgarie2o@apple.com,182-725-0463,Kylila Garie,kgarie2o@wordpress.com,190-433-0710,97,97,97
Kareem Wallen,pjohnsey2p@google.com.au,729-539-2309,Peirce Johnsey,pjohnsey2p@nba.com,361-311-5297,98,98,98
Balduin Guillotin,agianetti2q@earthlink.net,332-517-3563,Asa Gianetti,agianetti2q@blogspot.com,885-110-5428,99,99,99
Broderick Schiersch,bshermore2r@example.com,505-264-6563,Barnie Shermore,bshermore2r@mysql.com,371-616-5474,100,100,100
Stearn Marcos,kdenyukhin2s@yahoo.com,813-703-6118,Keith Denyukhin,kdenyukhin2s@go.com,652-399-4948,101,101,101
Torrence Pickin,phumbles2t@devhub.com,823-402-8162,Peyter Humbles,phumbles2t@pagesperso-orange.fr,422-751-0484,102,102,102
Farrand Leavesley,fjohananov2u@dyndns.org,519-552-8656,Freedman Johananov,fjohananov2u@jugem.jp,893-306-9158,103,103,103
Babs Bolter,sblesdill2v@multiply.com,542-481-8478,Symon Blesdill,sblesdill2v@delicious.com,403-491-4179,104,104,104
Dalis Idiens,amcpaike2w@tripod.com,242-941-6312,Annalee McPaike,amcpaike2w@technorati.com,934-906-6459,105,105,105
Jacquelin Ducrow,ctrevear2x@ow.ly,619-907-9609,Clarinda Trevear,ctrevear2x@examiner.com,169-883-7105,106,106,106
Esma Ackrill,jvinson2y@php.net,894-147-1502,Jorge Vinson,jvinson2y@slashdot.org,616-567-6119,107,107,107
Upton Rizzillo,btreacy2z@icq.com,875-290-6224,Bobette Treacy,btreacy2z@woothemes.com,127-678-3546,108,108,108
Shea Blackler,cakers30@ustream.tv,716-317-9036,Chryste Akers,cakers30@google.co.uk,218-300-0933,109,109,109
Shir Labon,kcastel31@hatena.ne.jp,697-862-7203,Kizzee Castel,kcastel31@mail.ru,366-730-8503,110,110,110
Veronika Pichmann,frousell32@epa.gov,131-641-1758,Francene Rousell,frousell32@house.gov,347-634-3421,111,111,111
Tabbitha Brandino,ekefford33@rakuten.co.jp,331-789-7207,Edvard Kefford,ekefford33@indiegogo.com,845-324-3522,112,112,112
Edin Dukesbury,glecordier34@furl.net,396-605-1087,Gwynne Lecordier,glecordier34@51.la,226-697-4632,113,113,113
Rowena Sallter,aphilippson35@unicef.org,107-165-2910,Aime Philippson,aphilippson35@un.org,713-863-1322,114,114,114
Patrizio Cortez,josanne36@yahoo.com,288-106-6151,Jessica Osanne,josanne36@ft.com,587-967-9151,115,115,115
Gwenore Stucke,cmountfort37@goo.ne.jp,580-239-4975,Conrade Mountfort,cmountfort37@histats.com,305-473-2750,116,116,116
Patrick Champkins,bmcleman38@japanpost.jp,718-837-7366,Bob McLeman,bmcleman38@nydailynews.com,354-674-4448,117,117,117
Saundra Kyneton,arutty39@t.co,845-631-9511,Antoinette Rutty,arutty39@uiuc.edu,906-893-1035,118,118,118
Sosanna Haynesford,fwiddup3a@wired.com,590-764-3928,Florina Widdup,fwiddup3a@phoca.cz,568-751-1640,119,119,119
Jayme Setterfield,yborrows3b@istockphoto.com,853-641-1687,Yolanda Borrows,yborrows3b@aol.com,704-954-2788,120,120,120
Blythe Berston,fwellfare3c@buzzfeed.com,455-757-0210,Francene Wellfare,fwellfare3c@dion.ne.jp,445-367-3198,121,121,121
Jody Hayworth,wklemke3d@webmd.com,544-609-9912,Windy Klemke,wklemke3d@aol.com,591-640-5940,122,122,122
Gavrielle Vamplew,mwilkison3e@behance.net,134-294-8428,Malcolm Wilkison,mwilkison3e@webeden.co.uk,711-981-6088,123,123,123
Alonzo Very,aprevett3f@phoca.cz,123-116-8657,Adriana Prevett,aprevett3f@admin.ch,107-374-2281,124,124,124
Verine Benedek,lbrimming3g@admin.ch,480-543-2207,Lucita Brimming,lbrimming3g@pagesperso-orange.fr,697-755-2837,125,125,125
Eleanore Binden,irobert3h@tumblr.com,224-185-0007,Ivan Robert,irobert3h@alexa.com,253-561-8541,126,126,126
Roderich Scarce,ngrewe3i@rambler.ru,581-242-0403,Nathanael Grewe,ngrewe3i@sun.com,407-425-5050,127,127,127
Dag Kenwin,jeglese3j@simplemachines.org,851-167-1486,Jarid Eglese,jeglese3j@nyu.edu,854-895-9453,128,128,128
Dehlia Greig,rivery3k@omniture.com,285-686-3591,Rickey Ivery,rivery3k@quantcast.com,938-852-8800,129,129,129
Carlin Wordsley,asimnett3l@ted.com,581-433-1889,Abeu Simnett,asimnett3l@cargocollective.com,116-653-8570,130,130,130
Web Grishelyov,vhelis3m@sciencedirect.com,928-581-7430,Viki Helis,vhelis3m@prnewswire.com,831-813-0041,131,131,131
Maggee Powder,iweerdenburg3n@telegraph.co.uk,855-408-9110,Isa Weerdenburg,iweerdenburg3n@google.com.au,361-613-0408,132,132,132
Chrisse Rankmore,dcressor3o@dot.gov,402-240-2245,Dahlia Cressor,dcressor3o@bigcartel.com,279-423-8742,133,133,133
Malachi Binding,bshackell3p@g.co,199-648-6682,Blithe Shackell,bshackell3p@jigsy.com,861-726-1098,134,134,134
Dasya Chaytor,pcrat3q@theguardian.com,782-372-7143,Pollyanna Crat,pcrat3q@paginegialle.it,212-159-5245,135,135,135
Alexei Jobling,dpaoletti3r@weather.com,582-777-9048,Dody Paoletti,dpaoletti3r@yelp.com,891-783-9156,136,136,136
Ignacius Lafee,fbradlaugh3s@amazon.de,916-552-0433,Faith Bradlaugh,fbradlaugh3s@bravesites.com,565-583-1981,137,137,137
Mychal Brugsma,lmaymond3t@tmall.com,681-678-4999,Lanny Maymond,lmaymond3t@cmu.edu,825-422-3761,138,138,138
Ev Ambrogelli,ymiklem3u@noaa.gov,737-448-0529,Yalonda Miklem,ymiklem3u@bizjournals.com,516-736-3201,139,139,139
Vinni Raubenheimers,wmeagh3v@fda.gov,737-957-8378,Wyatan Meagh,wmeagh3v@example.com,377-850-9433,140,140,140
Fleming Stothard,rgame3w@cloudflare.com,477-324-0422,Redford Game,rgame3w@cyberchimps.com,825-123-5011,141,141,141
Meyer Duding,jsoppitt3x@com.com,727-892-6804,Jory Soppitt,jsoppitt3x@taobao.com,452-353-1872,142,142,142
Smitty Gyles,medis3y@paginegialle.it,958-503-7635,Malissia Edis,medis3y@cocolog-nifty.com,111-952-8909,143,143,143
Kalila Viveash,wkloss3z@ning.com,681-179-0696,Willi Kloss,wkloss3z@clickbank.net,548-533-7526,144,144,144
Bonnie Haithwaite,candras40@nifty.com,544-618-5646,Clay Andras,candras40@discovery.com,355-407-4920,145,145,145
Klarika Edmed,fsparling41@smugmug.com,715-483-8627,Fey Sparling,fsparling41@myspace.com,660-848-5842,146,146,146
Rex Sprade,mcorkan42@bing.com,512-638-8101,Margo Corkan,mcorkan42@sina.com.cn,153-309-0164,147,147,147
Eamon Vell,sbetham43@shop-pro.jp,731-870-6234,Stefan Betham,sbetham43@samsung.com,329-519-5157,148,148,148
Verna Kersaw,fduckett44@geocities.com,594-405-0518,Fae Duckett,fduckett44@shareasale.com,711-255-6698,149,149,149
Margalo Leahy,ltuckerman45@globo.com,670-100-4297,Leola Tuckerman,ltuckerman45@sbwire.com,315-856-7336,150,150,150
Kendra Pitrollo,lcondliffe46@merriam-webster.com,191-683-8524,Lotte Condliffe,lcondliffe46@army.mil,103-622-9209,151,151,151
Nertie Silburn,ecleaves47@techcrunch.com,881-611-9772,Elyssa Cleaves,ecleaves47@google.it,447-992-4008,152,152,152
Homere Creevy,dstoop48@rediff.com,174-139-1537,Datha Stoop,dstoop48@is.gd,267-305-4652,153,153,153
Saul Gallymore,gcarrier49@reference.com,263-176-1581,Giorgio Carrier,gcarrier49@taobao.com,903-110-0507,154,154,154
Valma Cathenod,kcrosby4a@mit.edu,731-765-4023,Kimbra Crosby,kcrosby4a@netlog.com,196-535-4976,155,155,155
Siouxie Yaus,abaser4b@ning.com,334-464-0323,Alard Baser,abaser4b@sitemeter.com,788-300-5309,156,156,156
Elias Lingley,jkinkaid4c@arizona.edu,140-283-9481,Jeffie Kinkaid,jkinkaid4c@baidu.com,814-391-5737,157,157,157
Port Bomfield,rshepton4d@163.com,708-484-9938,Reidar Shepton,rshepton4d@over-blog.com,154-469-4841,158,158,158
Wendall MacGovern,icallen4e@state.tx.us,603-227-0237,Inga Callen,icallen4e@mapy.cz,304-449-7942,159,159,159
Danika Waycott,agrzeskowski4f@ehow.com,821-226-2957,Alvis Grzeskowski,agrzeskowski4f@xrea.com,250-830-7862,160,160,160
Micki Cowen,awickman4g@odnoklassniki.ru,293-990-8704,Aeriela Wickman,awickman4g@discovery.com,891-263-6819,161,161,161
Shantee Adiscot,vmoncur4h@ftc.gov,941-151-2001,Valenka Moncur,vmoncur4h@shutterfly.com,432-951-3986,162,162,162
Andonis Toopin,gmossom4i@sina.com.cn,511-962-8205,Gayelord Mossom,gmossom4i@webnode.com,105-725-9816,163,163,163
Netty Ker,rboich4j@springer.com,616-620-3961,Russ Boich,rboich4j@gnu.org,581-360-4620,164,164,164
Happy Carroll,bruby4k@google.ru,572-859-8106,Barbey Ruby,bruby4k@nba.com,631-593-7581,165,165,165
Layton Brandin,lthoumasson4l@epa.gov,414-933-9968,Loren Thoumasson,lthoumasson4l@samsung.com,771-441-2882,166,166,166
Sanson Cremer,csabine4m@zdnet.com,595-208-0154,Claiborn Sabine,csabine4m@umich.edu,488-837-3378,167,167,167
Aloysius Eaves,hminichi4n@sohu.com,370-838-5309,Husein Minichi,hminichi4n@qq.com,548-944-0254,168,168,168
Cull Moorrud,lplayhill4o@comsenz.com,740-588-6326,Lynnelle Playhill,lplayhill4o@comsenz.com,391-916-9997,169,169,169
Chickie Westcott,hattwater4p@ibm.com,110-858-3081,Horten Attwater,hattwater4p@sohu.com,333-611-3347,170,170,170
Coletta Balderston,jiacobo4q@cbc.ca,162-375-9382,Jeannette Iacobo,jiacobo4q@goo.gl,539-326-6882,171,171,171
Yulma Bessent,grickhuss4r@mit.edu,449-503-8078,Goldi Rickhuss,grickhuss4r@gravatar.com,982-723-4272,172,172,172
Zorah Dumbrill,sfromont4s@cloudflare.com,665-931-4300,Sisile Fromont,sfromont4s@theglobeandmail.com,517-455-8443,173,173,173
Franciskus Redfern,bamber4t@adobe.com,924-748-0626,Berthe Amber,bamber4t@bizjournals.com,529-242-4619,174,174,174
Winnie Abrahamoff,mgooderick4u@earthlink.net,180-190-0233,Margaretha Gooderick,mgooderick4u@mlb.com,329-749-9817,175,175,175
Noach Hargate,fjosephs4v@ucoz.com,455-880-5684,Farlay Josephs,fjosephs4v@goo.gl,939-908-1720,176,176,176
Kilian Mebes,nfigliovanni4w@topsy.com,928-520-0909,Normand Figliovanni,nfigliovanni4w@weibo.com,508-539-2417,177,177,177
Robina Wimlett,malderwick4x@chicagotribune.com,877-464-4249,Matti Alderwick,malderwick4x@plala.or.jp,263-324-4764,178,178,178
Sydel Fardy,gvicker4y@forbes.com,481-394-5463,Gabie Vicker,gvicker4y@marketwatch.com,329-463-5434,179,179,179
Kelly Boffey,ehalt4z@google.pl,763-576-6817,Ethelbert Halt,ehalt4z@si.edu,910-302-2912,180,180,180
Deirdre Easterfield,ndodsworth50@salon.com,714-944-3336,Neil Dodsworth,ndodsworth50@wisc.edu,102-331-6475,181,181,181
Arly Bracchi,pbeszant51@buzzfeed.com,154-324-2038,Prince Beszant,pbeszant51@independent.co.uk,552-500-7864,182,182,182
Teador Chaunce,dyarrall52@ow.ly,983-997-2834,Debi Yarrall,dyarrall52@opera.com,520-798-7363,183,183,183
Jackson Gobbett,nanfossi53@geocities.com,234-444-7500,Nerta Anfossi,nanfossi53@ihg.com,368-271-3779,184,184,184
Garland Divall,wdarree54@scientificamerican.com,753-806-2169,Wilmette Darree,wdarree54@prnewswire.com,843-264-7173,185,185,185
Artair Amoore,mscrowston55@seattletimes.com,377-256-1698,Marianne Scrowston,mscrowston55@eventbrite.com,935-776-4642,186,186,186
Katusha Clements,yblampy56@nature.com,381-904-7754,Yoshi Blampy,yblampy56@ycombinator.com,318-717-1219,187,187,187
Ketti Willman,cmckea57@google.ca,802-432-3985,Carlee McKea,cmckea57@odnoklassniki.ru,907-131-0137,188,188,188
Sammy Esp,fmcelroy58@pbs.org,889-263-0031,Francis McElroy,fmcelroy58@hatena.ne.jp,128-404-3222,189,189,189
Gilemette Probey,abeastall59@comcast.net,358-988-7379,Albert Beastall,abeastall59@gnu.org,985-901-4859,190,190,190
Hamel Jurisic,vlamberts5a@google.ca,661-196-3058,Vlad Lamberts,vlamberts5a@blogtalkradio.com,163-766-2501,191,191,191
Carine Ragbourne,sgrealy5b@businessweek.com,772-993-8290,Sidonia Grealy,sgrealy5b@php.net,473-109-7652,192,192,192
Vere Cowope,gwaeland5c@sphinn.com,695-341-7607,Ginger Waeland,gwaeland5c@xinhuanet.com,966-469-3835,193,193,193
Katina Kneale,abellhouse5d@ucla.edu,804-690-8820,Ase Bellhouse,abellhouse5d@twitpic.com,586-202-5377,194,194,194
Rorie Fosdyke,tchampe5e@google.co.jp,614-828-9726,Torrence Champe,tchampe5e@rambler.ru,709-441-4999,195,195,195
Ester Colnett,ytidridge5f@youtube.com,113-136-4183,Yoshiko Tidridge,ytidridge5f@whitehouse.gov,416-186-1558,196,196,196
Christophe Gilfoy,jdeverall5g@ftc.gov,692-164-3739,Jackelyn Deverall,jdeverall5g@pbs.org,417-614-4843,197,197,197
Wang Eckly,malty5h@chron.com,522-721-2717,Min Alty,malty5h@cnbc.com,459-384-1421,198,198,198
Oran Hickin,spettendrich5i@theglobeandmail.com,263-301-2276,Susie Pettendrich,spettendrich5i@last.fm,925-378-9104,199,199,199
Harmon Brigshaw,bselborne5j@springer.com,496-190-4798,Beulah Selborne,bselborne5j@wsj.com,501-227-9643,200,200,200
